log10_Lx_erg_s^-1,p_I_given_Lx
40.8,0.006993006993006978
40.8,0.0034965034965035446
40.8,0.0
40.81666666666666,0.0034965034965035446
40.81666666666666,0.006993006993006978
40.81666666666666,0.0
40.83333333333333,0.0034965034965035446
40.83333333333333,0.0
40.83333333333333,0.006993006993006978
40.849999999999994,0.006993006993006978
40.849999999999994,0.0
40.849999999999994,0.0034965034965035446
40.86666666666667,0.0034965034965035446
40.86666666666667,0.006993006993006978
40.86666666666667,0.0
40.88333333333333,0.0
40.88333333333333,0.006993006993006978
40.88333333333333,0.0034965034965035446
40.9,0.006993006993006978
40.9,0.0034965034965035446
40.9,0.0
40.916666666666664,0.0034965034965035446
40.916666666666664,0.0
40.916666666666664,0.006993006993006978
40.93333333333333,0.0034965034965035446
40.93333333333333,0.006993006993006978
40.93333333333333,0.0
40.949999999999996,0.0
40.949999999999996,0.0034965034965035446
40.949999999999996,0.006993006993006978
40.96666666666666,0.006993006993006978
40.96666666666666,0.0
40.96666666666666,0.0034965034965035446
40.98333333333333,0.006993006993006978
40.98333333333333,0.0
40.98333333333333,0.0034965034965035446
41.0,0.0
41.0,0.006993006993006978
41.0,0.0034965034965035446
41.016666666666666,0.0034965034965035446
41.016666666666666,0.006993006993006978
41.016666666666666,0.0
41.03333333333333,0.0034965034965035446
41.03333333333333,0.006993006993006978
41.03333333333333,0.0
41.05,0.006993006993006978
41.05,0.0
41.05,0.0034965034965035446
41.06666666666666,0.0
41.06666666666666,0.006993006993006978
41.06666666666666,0.0034965034965035446
41.08333333333333,0.0034965034965035446
41.08333333333333,0.006993006993006978
41.08333333333333,0.0
41.099999999999994,0.0034965034965035446
41.099999999999994,0.0
41.099999999999994,0.006993006993006978
41.11666666666667,0.006993006993006978
41.11666666666667,0.0
41.11666666666667,0.0034965034965035446
41.13333333333333,0.0
41.13333333333333,0.0034965034965035446
41.13333333333333,0.006993006993006978
41.15,0.0034965034965035446
41.15,0.006993006993006978
41.15,0.0
41.166666666666664,0.0
41.166666666666664,0.0034965034965035446
41.166666666666664,0.006993006993006978
41.18333333333333,0.0
41.18333333333333,0.0034965034965035446
41.18333333333333,0.006993006993006978
41.199999999999996,0.0
41.199999999999996,0.006993006993006978
41.199999999999996,0.0034965034965035446
41.21666666666666,0.0034965034965035446
41.21666666666666,0.006993006993006978
41.21666666666666,0.0
41.233333333333334,0.0
41.233333333333334,0.0034965034965035446
41.233333333333334,0.006993006993006978
41.25,0.0
41.25,0.0034965034965035446
41.25,0.006993006993006978
41.266666666666666,0.0034965034965035446
41.266666666666666,0.0
41.266666666666666,0.006993006993006978
41.28333333333333,0.006993006993006978
41.28333333333333,0.0034965034965035446
41.28333333333333,0.0
41.3,0.0
41.3,0.0034965034965035446
41.3,0.006993006993006978
41.31666666666666,0.0
41.31666666666666,0.0034965034965035446
41.31666666666666,0.006993006993006978
41.33333333333333,0.0034965034965035446
41.33333333333333,0.0
41.33333333333333,0.006993006993006978
41.349999999999994,0.0034965034965035446
41.349999999999994,0.006993006993006978
41.349999999999994,0.0
41.36666666666667,0.0
41.36666666666667,0.006993006993006978
41.36666666666667,0.0034965034965035446
41.38333333333333,0.006993006993006978
41.38333333333333,0.0034965034965035446
41.38333333333333,0.0
41.4,0.0
41.4,0.0034965034965035446
41.4,0.006993006993006978
41.416666666666664,0.0034965034965035446
41.416666666666664,0.0
41.416666666666664,0.006993006993006978
41.43333333333333,0.0034965034965035446
41.43333333333333,0.006993006993006978
41.43333333333333,0.0
41.449999999999996,0.0034965034965035446
41.449999999999996,0.006993006993006978
41.449999999999996,0.0
41.46666666666666,0.006993006993006978
41.46666666666666,0.0034965034965035446
41.46666666666666,0.0
41.483333333333334,0.0
41.483333333333334,0.0034965034965035446
41.483333333333334,0.006993006993006978
41.5,0.006993006993006978
41.5,0.0034965034965035446
41.5,0.0
41.516666666666666,0.0
41.516666666666666,0.0034965034965035446
41.516666666666666,0.006993006993006978
41.53333333333333,0.006993006993006978
41.53333333333333,0.0034965034965035446
41.53333333333333,0.0
41.55,0.0
41.55,0.006993006993006978
41.55,0.0034965034965035446
41.56666666666666,0.0034965034965035446
41.56666666666666,0.0
41.56666666666666,0.006993006993006978
41.58333333333333,0.006993006993006978
41.58333333333333,0.0
41.58333333333333,0.0034965034965035446
41.599999999999994,0.0034965034965035446
41.599999999999994,0.006993006993006978
41.599999999999994,0.0
41.61666666666667,0.0034965034965035446
41.61666666666667,0.0
41.61666666666667,0.006993006993006978
41.63333333333333,0.006993006993006978
41.63333333333333,0.0
41.63333333333333,0.0034965034965035446
41.65,0.0
41.65,0.0034965034965035446
41.65,0.006993006993006978
41.666666666666664,0.006993006993006978
41.666666666666664,0.0034965034965035446
41.666666666666664,0.0
41.68333333333333,0.0
41.68333333333333,0.0034965034965035446
41.68333333333333,0.006993006993006978
41.699999999999996,0.006993006993006978
41.699999999999996,0.0
41.699999999999996,0.0034965034965035446
41.71666666666666,0.0
41.71666666666666,0.0034965034965035446
41.71666666666666,0.006993006993006978
41.733333333333334,0.006993006993006978
41.733333333333334,0.0
41.733333333333334,0.0034965034965035446
41.75,0.0
41.75,0.006993006993006978
41.75,0.0034965034965035446
41.766666666666666,0.006993006993006978
41.766666666666666,0.0034965034965035446
41.766666666666666,0.0
41.78333333333333,0.0
41.78333333333333,0.006993006993006978
41.78333333333333,0.0034965034965035446
41.8,0.0034965034965035446
41.8,0.0
41.8,0.006993006993006978
41.81666666666666,0.0
41.81666666666666,0.0034965034965035446
41.81666666666666,0.006993006993006978
41.83333333333333,0.006993006993006978
41.83333333333333,0.0
41.83333333333333,0.0034965034965035446
41.85,0.0
41.85,0.006993006993006978
41.85,0.0034965034965035446
41.86666666666667,0.006993006993006978
41.86666666666667,0.0
41.86666666666667,0.0034965034965035446
41.88333333333333,0.0
41.88333333333333,0.0034965034965035446
41.88333333333333,0.006993006993006978
41.9,0.006993006993006978
41.9,0.0
41.9,0.0034965034965035446
41.916666666666664,0.0034965034965035446
41.916666666666664,0.0
41.916666666666664,0.006993006993006978
41.93333333333333,0.0034965034965035446
41.93333333333333,0.006993006993006978
41.93333333333333,0.0
41.949999999999996,0.006993006993006978
41.949999999999996,0.0
41.949999999999996,0.0034965034965035446
41.96666666666666,0.0034965034965035446
41.96666666666666,0.006993006993006978
41.96666666666666,0.0
41.983333333333334,0.006993006993006978
41.983333333333334,0.0
41.983333333333334,0.0034965034965035446
42.0,0.0
42.0,0.0034965034965035446
42.0,0.006993006993006978
42.016666666666666,0.0034965034965035446
42.016666666666666,0.006993006993006978
42.016666666666666,0.0
42.03333333333333,0.006993006993006978
42.03333333333333,0.0
42.03333333333333,0.0034965034965035446
42.05,0.006993006993006978
42.05,0.0034965034965035446
42.05,0.0
42.06666666666666,0.0
42.06666666666666,0.006993006993006978
42.06666666666666,0.0034965034965035446
42.08333333333333,0.0034965034965035446
42.08333333333333,0.0
42.08333333333333,0.006993006993006978
42.1,0.006993006993006978
42.1,0.0034965034965035446
42.1,0.0
42.11666666666667,0.0034965034965035446
42.11666666666667,0.006993006993006978
42.11666666666667,0.0
42.13333333333333,0.0034965034965035446
42.13333333333333,0.006993006993006978
42.13333333333333,0.0
42.15,0.006993006993006978
42.15,0.0
42.15,0.0034965034965035446
42.166666666666664,0.0034965034965035446
42.166666666666664,0.006993006993006978
42.166666666666664,0.0
42.18333333333333,0.006993006993006978
42.18333333333333,0.0034965034965035446
42.18333333333333,0.0
42.199999999999996,0.0
42.199999999999996,0.006993006993006978
42.199999999999996,0.0034965034965035446
42.21666666666667,0.0
42.21666666666667,0.006993006993006978
42.21666666666667,0.0034965034965035446
42.233333333333334,0.0
42.233333333333334,0.006993006993006978
42.233333333333334,0.0034965034965035446
42.25,0.006993006993006978
42.25,0.0
42.25,0.0034965034965035446
42.266666666666666,0.006993006993006978
42.266666666666666,0.0034965034965035446
42.266666666666666,0.0
42.28333333333333,0.006993006993006978
42.28333333333333,0.0034965034965035446
42.28333333333333,0.0
42.3,0.0034965034965035446
42.3,0.0
42.3,0.006993006993006978
42.31666666666666,0.006993006993006978
42.31666666666666,0.0034965034965035446
42.31666666666666,0.0
42.33333333333333,0.006993006993006978
42.33333333333333,0.0034965034965035446
42.33333333333333,0.0
42.35,0.006993006993006978
42.35,0.0
42.35,0.0034965034965035446
42.36666666666667,0.006993006993006978
42.36666666666667,0.0034965034965035446
42.36666666666667,0.0
42.38333333333333,0.0
42.38333333333333,0.0034965034965035446
42.38333333333333,0.006993006993006978
42.4,0.0
42.4,0.006993006993006978
42.4,0.0034965034965035446
42.416666666666664,0.0034965034965035446
42.416666666666664,0.006993006993006978
42.416666666666664,0.0
42.43333333333333,0.0034965034965035446
42.43333333333333,0.006993006993006978
42.43333333333333,0.0
42.449999999999996,0.006993006993006978
42.449999999999996,0.0
42.449999999999996,0.0034965034965035446
42.46666666666667,0.0
42.46666666666667,0.006993006993006978
42.46666666666667,0.0034965034965035446
42.483333333333334,0.006993006993006978
42.483333333333334,0.0034965034965035446
42.483333333333334,0.0
42.5,0.006993006993006978
42.5,0.0
42.5,0.0034965034965035446
42.516666666666666,0.0
42.516666666666666,0.006993006993006978
42.516666666666666,0.0034965034965035446
42.53333333333333,0.0
42.53333333333333,0.006993006993006978
42.53333333333333,0.0034965034965035446
42.55,0.006993006993006978
42.55,0.0034965034965035446
42.55,0.0
42.56666666666666,0.0034965034965035446
42.56666666666666,0.006993006993006978
42.56666666666666,0.0
42.58333333333333,0.006993006993006978
42.58333333333333,0.0
42.58333333333333,0.0034965034965035446
42.6,0.0034965034965035446
42.6,0.006993006993006978
42.6,0.0
42.61666666666667,0.006993006993006978
42.61666666666667,0.0
42.61666666666667,0.0034965034965035446
42.63333333333333,0.006993006993006978
42.63333333333333,0.0
42.63333333333333,0.0034965034965035446
42.65,0.0
42.65,0.0034965034965035446
42.65,0.006993006993006978
42.666666666666664,0.006993006993006978
42.666666666666664,0.010489510489510523
42.666666666666664,0.0034965034965035446
42.68333333333333,0.006993006993006978
42.68333333333333,0.0034965034965035446
42.68333333333333,0.010489510489510523
42.699999999999996,0.010489510489510523
42.699999999999996,0.006993006993006978
42.699999999999996,0.0034965034965035446
42.71666666666667,0.0034965034965035446
42.71666666666667,0.006993006993006978
42.71666666666667,0.010489510489510523
42.733333333333334,0.010489510489510523
42.733333333333334,0.0034965034965035446
42.733333333333334,0.006993006993006978
42.75,0.0034965034965035446
42.75,0.006993006993006978
42.75,0.010489510489510523
42.766666666666666,0.010489510489510523
42.766666666666666,0.006993006993006978
42.766666666666666,0.0034965034965035446
42.78333333333333,0.010489510489510523
42.78333333333333,0.0034965034965035446
42.78333333333333,0.006993006993006978
42.8,0.013986013986013957
42.8,0.006993006993006978
42.8,0.010489510489510523
42.81666666666666,0.006993006993006978
42.81666666666666,0.013986013986013957
42.81666666666666,0.010489510489510523
42.83333333333333,0.010489510489510523
42.83333333333333,0.006993006993006978
42.83333333333333,0.013986013986013957
42.85,0.010489510489510523
42.85,0.013986013986013957
42.85,0.006993006993006978
42.86666666666667,0.013986013986013957
42.86666666666667,0.010489510489510523
42.86666666666667,0.006993006993006978
42.88333333333333,0.010489510489510523
42.88333333333333,0.0174825174825175
42.88333333333333,0.013986013986013957
42.9,0.0174825174825175
42.9,0.010489510489510523
42.9,0.013986013986013957
42.916666666666664,0.013986013986013957
42.916666666666664,0.0174825174825175
42.916666666666664,0.010489510489510523
42.93333333333333,0.020979020979020935
42.93333333333333,0.0174825174825175
42.93333333333333,0.013986013986013957
42.95,0.0174825174825175
42.95,0.020979020979020935
42.95,0.013986013986013957
42.96666666666667,0.02447552447552448
42.96666666666667,0.020979020979020935
42.96666666666667,0.013986013986013957
42.96666666666667,0.0174825174825175
42.983333333333334,0.0174825174825175
42.983333333333334,0.020979020979020935
42.983333333333334,0.02447552447552448
43.0,0.027972027972028024
43.0,0.0174825174825175
43.0,0.020979020979020935
43.0,0.02447552447552448
43.016666666666666,0.020979020979020935
43.016666666666666,0.02447552447552448
43.016666666666666,0.027972027972028024
43.03333333333333,0.03146853146853146
43.03333333333333,0.020979020979020935
43.03333333333333,0.027972027972028024
43.03333333333333,0.02447552447552448
43.05,0.02447552447552448
43.05,0.027972027972028024
43.05,0.03146853146853146
43.05,0.034965034965035
43.06666666666666,0.034965034965035
43.06666666666666,0.03146853146853146
43.06666666666666,0.027972027972028024
43.083333333333336,0.027972027972028024
43.083333333333336,0.038461538461538436
43.083333333333336,0.03146853146853146
43.083333333333336,0.034965034965035
43.1,0.038461538461538436
43.1,0.034965034965035
43.1,0.04195804195804198
43.1,0.03146853146853146
43.11666666666667,0.04195804195804198
43.11666666666667,0.038461538461538436
43.11666666666667,0.034965034965035
43.11666666666667,0.045454545454545414
43.13333333333333,0.04195804195804198
43.13333333333333,0.038461538461538436
43.13333333333333,0.045454545454545414
43.13333333333333,0.04895104895104896
43.15,0.05244755244755239
43.15,0.04895104895104896
43.15,0.045454545454545414
43.15,0.04195804195804198
43.166666666666664,0.05244755244755239
43.166666666666664,0.045454545454545414
43.166666666666664,0.04895104895104896
43.166666666666664,0.05594405594405594
43.18333333333333,0.05594405594405594
43.18333333333333,0.05244755244755239
43.18333333333333,0.05944055944055948
43.18333333333333,0.06293706293706292
43.18333333333333,0.04895104895104896
43.2,0.06293706293706292
43.2,0.06643356643356646
43.2,0.05244755244755239
43.2,0.05594405594405594
43.2,0.05944055944055948
43.21666666666667,0.06643356643356646
43.21666666666667,0.05594405594405594
43.21666666666667,0.05944055944055948
43.21666666666667,0.0699300699300699
43.21666666666667,0.06293706293706292
43.233333333333334,0.06643356643356646
43.233333333333334,0.07692307692307687
43.233333333333334,0.0699300699300699
43.233333333333334,0.07342657342657344
43.233333333333334,0.06293706293706292
43.233333333333334,0.05944055944055948
43.25,0.07692307692307687
43.25,0.06643356643356646
43.25,0.08041958041958042
43.25,0.07342657342657344
43.25,0.0699300699300699
43.266666666666666,0.08391608391608396
43.266666666666666,0.0874125874125874
43.266666666666666,0.07342657342657344
43.266666666666666,0.08041958041958042
43.266666666666666,0.0699300699300699
43.266666666666666,0.07692307692307687
43.28333333333333,0.09090909090909094
43.28333333333333,0.09440559440559437
43.28333333333333,0.08041958041958042
43.28333333333333,0.08391608391608396
43.28333333333333,0.07692307692307687
43.28333333333333,0.0874125874125874
43.3,0.09440559440559437
43.3,0.08041958041958042
43.3,0.08391608391608396
43.3,0.10139860139860135
43.3,0.09090909090909094
43.3,0.09790209790209792
43.3,0.0874125874125874
43.31666666666666,0.09790209790209792
43.31666666666666,0.10839160839160844
43.31666666666666,0.09440559440559437
43.31666666666666,0.1048951048951049
43.31666666666666,0.10139860139860135
43.31666666666666,0.0874125874125874
43.31666666666666,0.09090909090909094
43.333333333333336,0.09440559440559437
43.333333333333336,0.11888111888111885
43.333333333333336,0.10839160839160844
43.333333333333336,0.11538461538461542
43.333333333333336,0.09790209790209792
43.333333333333336,0.11188811188811187
43.333333333333336,0.1048951048951049
43.333333333333336,0.10139860139860135
43.35,0.10139860139860135
43.35,0.11538461538461542
43.35,0.1223776223776224
43.35,0.11188811188811187
43.35,0.10839160839160844
43.35,0.12587412587412583
43.35,0.11888111888111885
43.35,0.1048951048951049
43.36666666666667,0.13286713286713292
43.36666666666667,0.11188811188811187
43.36666666666667,0.11538461538461542
43.36666666666667,0.12937062937062938
43.36666666666667,0.12587412587412583
43.36666666666667,0.1223776223776224
43.36666666666667,0.10839160839160844
43.36666666666667,0.11888111888111885
43.38333333333333,0.14335664335664333
43.38333333333333,0.12937062937062938
43.38333333333333,0.1398601398601399
43.38333333333333,0.12587412587412583
43.38333333333333,0.11538461538461542
43.38333333333333,0.13286713286713292
43.38333333333333,0.13636363636363635
43.38333333333333,0.1223776223776224
43.38333333333333,0.11888111888111885
43.4,0.1503496503496503
43.4,0.1398601398601399
43.4,0.15384615384615385
43.4,0.12937062937062938
43.4,0.14685314685314688
43.4,0.12587412587412583
43.4,0.13286713286713292
43.4,0.13636363636363635
43.4,0.14335664335664333
43.416666666666664,0.1398601398601399
43.416666666666664,0.13286713286713292
43.416666666666664,0.13636363636363635
43.416666666666664,0.16083916083916083
43.416666666666664,0.14335664335664333
43.416666666666664,0.14685314685314688
43.416666666666664,0.1503496503496503
43.416666666666664,0.1573426573426573
43.416666666666664,0.16433566433566438
43.416666666666664,0.15384615384615385
43.43333333333333,0.16433566433566438
43.43333333333333,0.14335664335664333
43.43333333333333,0.1503496503496503
43.43333333333333,0.15384615384615385
43.43333333333333,0.1678321678321678
43.43333333333333,0.16083916083916083
43.43333333333333,0.1748251748251748
43.43333333333333,0.17132867132867136
43.43333333333333,0.14685314685314688
43.43333333333333,0.1573426573426573
43.45,0.15384615384615385
43.45,0.1573426573426573
43.45,0.17132867132867136
43.45,0.1853146853146853
43.45,0.17832167832167833
43.45,0.1678321678321678
43.45,0.1748251748251748
43.45,0.16433566433566438
43.45,0.16083916083916083
43.45,0.18181818181818177
43.46666666666667,0.1678321678321678
43.46666666666667,0.17132867132867136
43.46666666666667,0.18881118881118886
43.46666666666667,0.19580419580419584
43.46666666666667,0.1748251748251748
43.46666666666667,0.1923076923076923
43.46666666666667,0.17832167832167833
43.46666666666667,0.18181818181818177
43.46666666666667,0.1853146853146853
43.46666666666667,0.16433566433566438
43.483333333333334,0.18881118881118886
43.483333333333334,0.20629370629370625
43.483333333333334,0.17832167832167833
43.483333333333334,0.19930069930069927
43.483333333333334,0.2027972027972028
43.483333333333334,0.1853146853146853
43.483333333333334,0.1923076923076923
43.483333333333334,0.19580419580419584
43.483333333333334,0.2097902097902098
43.483333333333334,0.1748251748251748
43.483333333333334,0.17132867132867136
43.483333333333334,0.18181818181818177
43.5,0.19580419580419584
43.5,0.18881118881118886
43.5,0.2027972027972028
43.5,0.19930069930069927
43.5,0.22027972027972031
43.5,0.2097902097902098
43.5,0.21678321678321677
43.5,0.21328671328671334
43.5,0.1853146853146853
43.5,0.20629370629370625
43.5,0.1923076923076923
43.516666666666666,0.23076923076923073
43.516666666666666,0.21328671328671334
43.516666666666666,0.20629370629370625
43.516666666666666,0.22027972027972031
43.516666666666666,0.23426573426573427
43.516666666666666,0.2027972027972028
43.516666666666666,0.19580419580419584
43.516666666666666,0.2097902097902098
43.516666666666666,0.21678321678321677
43.516666666666666,0.22377622377622375
43.516666666666666,0.19930069930069927
43.516666666666666,0.2272727272727273
43.53333333333333,0.22027972027972031
43.53333333333333,0.2097902097902098
43.53333333333333,0.23426573426573427
43.53333333333333,0.23776223776223782
43.53333333333333,0.21678321678321677
43.53333333333333,0.24825174825174823
43.53333333333333,0.2272727272727273
43.53333333333333,0.24125874125874125
43.53333333333333,0.2447552447552448
43.53333333333333,0.20629370629370625
43.53333333333333,0.22377622377622375
43.53333333333333,0.21328671328671334
43.53333333333333,0.23076923076923073
43.55,0.24825174825174823
43.55,0.2552447552447552
43.55,0.23426573426573427
43.55,0.25874125874125875
43.55,0.2272727272727273
43.55,0.2447552447552448
43.55,0.2622377622377622
43.55,0.2517482517482518
43.55,0.22377622377622375
43.55,0.22027972027972031
43.55,0.24125874125874125
43.55,0.23076923076923073
43.55,0.23776223776223782
43.56666666666666,0.2622377622377622
43.56666666666666,0.2447552447552448
43.56666666666666,0.2552447552447552
43.56666666666666,0.26573426573426573
43.56666666666666,0.2692307692307693
43.56666666666666,0.25874125874125875
43.56666666666666,0.2517482517482518
43.56666666666666,0.2727272727272727
43.56666666666666,0.27622377622377625
43.56666666666666,0.24825174825174823
43.56666666666666,0.24125874125874125
43.56666666666666,0.23426573426573427
43.56666666666666,0.23776223776223782
43.583333333333336,0.26573426573426573
43.583333333333336,0.28321678321678323
43.583333333333336,0.2622377622377622
43.583333333333336,0.28671328671328666
43.583333333333336,0.2797202797202797
43.583333333333336,0.2552447552447552
43.583333333333336,0.27622377622377625
43.583333333333336,0.25874125874125875
43.583333333333336,0.2447552447552448
43.583333333333336,0.2727272727272727
43.583333333333336,0.2902097902097902
43.583333333333336,0.2692307692307693
43.583333333333336,0.24825174825174823
43.583333333333336,0.2517482517482518
43.6,0.30069930069930073
43.6,0.28321678321678323
43.6,0.28671328671328666
43.6,0.2972027972027972
43.6,0.2727272727272727
43.6,0.26573426573426573
43.6,0.2797202797202797
43.6,0.29370629370629375
43.6,0.2622377622377622
43.6,0.27622377622377625
43.6,0.25874125874125875
43.6,0.2902097902097902
43.6,0.30419580419580416
43.6,0.2692307692307693
43.61666666666667,0.30419580419580416
43.61666666666667,0.2727272727272727
43.61666666666667,0.28671328671328666
43.61666666666667,0.2797202797202797
43.61666666666667,0.3146853146853147
43.61666666666667,0.28321678321678323
43.61666666666667,0.2902097902097902
43.61666666666667,0.30069930069930073
43.61666666666667,0.2972027972027972
43.61666666666667,0.27622377622377625
43.61666666666667,0.32167832167832167
43.61666666666667,0.29370629370629375
43.61666666666667,0.31118881118881114
43.61666666666667,0.31818181818181823
43.61666666666667,0.3076923076923077
43.63333333333333,0.3146853146853147
43.63333333333333,0.31818181818181823
43.63333333333333,0.3356643356643356
43.63333333333333,0.3321678321678322
43.63333333333333,0.32167832167832167
43.63333333333333,0.2972027972027972
43.63333333333333,0.2902097902097902
43.63333333333333,0.30069930069930073
43.63333333333333,0.30419580419580416
43.63333333333333,0.32867132867132864
43.63333333333333,0.3251748251748252
43.63333333333333,0.31118881118881114
43.63333333333333,0.3076923076923077
43.63333333333333,0.29370629370629375
43.65,0.3426573426573427
43.65,0.32867132867132864
43.65,0.3321678321678322
43.65,0.3356643356643356
43.65,0.31818181818181823
43.65,0.3251748251748252
43.65,0.3531468531468531
43.65,0.3496503496503497
43.65,0.34615384615384615
43.65,0.32167832167832167
43.65,0.30419580419580416
43.65,0.3146853146853147
43.65,0.3076923076923077
43.65,0.33916083916083917
43.65,0.31118881118881114
43.666666666666664,0.3496503496503497
43.666666666666664,0.3251748251748252
43.666666666666664,0.33916083916083917
43.666666666666664,0.3531468531468531
43.666666666666664,0.35664335664335667
43.666666666666664,0.3356643356643356
43.666666666666664,0.3671328671328671
43.666666666666664,0.3601398601398601
43.666666666666664,0.3706293706293706
43.666666666666664,0.36363636363636365
43.666666666666664,0.3426573426573427
43.666666666666664,0.3321678321678322
43.666666666666664,0.31818181818181823
43.666666666666664,0.32167832167832167
43.666666666666664,0.34615384615384615
43.666666666666664,0.32867132867132864
43.68333333333333,0.3426573426573427
43.68333333333333,0.36363636363636365
43.68333333333333,0.3846153846153846
43.68333333333333,0.3601398601398601
43.68333333333333,0.3776223776223776
43.68333333333333,0.38111888111888115
43.68333333333333,0.3671328671328671
43.68333333333333,0.3706293706293706
43.68333333333333,0.33916083916083917
43.68333333333333,0.34615384615384615
43.68333333333333,0.37412587412587417
43.68333333333333,0.3356643356643356
43.68333333333333,0.3496503496503497
43.68333333333333,0.35664335664335667
43.68333333333333,0.3531468531468531
43.7,0.36363636363636365
43.7,0.3671328671328671
43.7,0.3601398601398601
43.7,0.3706293706293706
43.7,0.35664335664335667
43.7,0.3531468531468531
43.7,0.37412587412587417
43.7,0.4020979020979021
43.7,0.3776223776223776
43.7,0.38111888111888115
43.7,0.39160839160839156
43.7,0.3846153846153846
43.7,0.39860139860139865
43.7,0.3881118881118881
43.7,0.3951048951048951
43.71666666666667,0.41608391608391604
43.71666666666667,0.3846153846153846
43.71666666666667,0.3881118881118881
43.71666666666667,0.39860139860139865
43.71666666666667,0.4020979020979021
43.71666666666667,0.39160839160839156
43.71666666666667,0.4125874125874126
43.71666666666667,0.4055944055944056
43.71666666666667,0.3951048951048951
43.71666666666667,0.3671328671328671
43.71666666666667,0.4195804195804196
43.71666666666667,0.3706293706293706
43.71666666666667,0.37412587412587417
43.71666666666667,0.40909090909090906
43.71666666666667,0.38111888111888115
43.71666666666667,0.3776223776223776
43.733333333333334,0.3951048951048951
43.733333333333334,0.4370629370629371
43.733333333333334,0.4300699300699301
43.733333333333334,0.43356643356643354
43.733333333333334,0.39860139860139865
43.733333333333334,0.4055944055944056
43.733333333333334,0.40909090909090906
43.733333333333334,0.3846153846153846
43.733333333333334,0.41608391608391604
43.733333333333334,0.3881118881118881
43.733333333333334,0.39160839160839156
43.733333333333334,0.4125874125874126
43.733333333333334,0.4195804195804196
43.733333333333334,0.4020979020979021
43.733333333333334,0.42307692307692313
43.733333333333334,0.42657342657342656
43.75,0.4055944055944056
43.75,0.41608391608391604
43.75,0.4125874125874126
43.75,0.4020979020979021
43.75,0.4300699300699301
43.75,0.42307692307692313
43.75,0.4195804195804196
43.75,0.4370629370629371
43.75,0.42657342657342656
43.75,0.43356643356643354
43.75,0.45104895104895104
43.75,0.458041958041958
43.75,0.4545454545454546
43.75,0.4475524475524476
43.75,0.4405594405594405
43.75,0.44405594405594406
43.75,0.40909090909090906
43.766666666666666,0.4545454545454546
43.766666666666666,0.4370629370629371
43.766666666666666,0.43356643356643354
43.766666666666666,0.4300699300699301
43.766666666666666,0.42307692307692313
43.766666666666666,0.4195804195804196
43.766666666666666,0.44405594405594406
43.766666666666666,0.4475524475524476
43.766666666666666,0.465034965034965
43.766666666666666,0.45104895104895104
43.766666666666666,0.458041958041958
43.766666666666666,0.46853146853146854
43.766666666666666,0.4405594405594405
43.766666666666666,0.46153846153846156
43.766666666666666,0.4755244755244755
43.766666666666666,0.472027972027972
43.766666666666666,0.42657342657342656
43.78333333333333,0.472027972027972
43.78333333333333,0.45104895104895104
43.78333333333333,0.4545454545454546
43.78333333333333,0.44405594405594406
43.78333333333333,0.46853146853146854
43.78333333333333,0.46153846153846156
43.78333333333333,0.4475524475524476
43.78333333333333,0.465034965034965
43.78333333333333,0.493006993006993
43.78333333333333,0.4825174825174825
43.78333333333333,0.48601398601398604
43.78333333333333,0.4755244755244755
43.78333333333333,0.47902097902097907
43.78333333333333,0.4370629370629371
43.78333333333333,0.458041958041958
43.78333333333333,0.4895104895104895
43.78333333333333,0.4405594405594405
43.8,0.46853146853146854
43.8,0.49650349650349646
43.8,0.46153846153846156
43.8,0.458041958041958
43.8,0.4545454545454546
43.8,0.472027972027972
43.8,0.48601398601398604
43.8,0.4825174825174825
43.8,0.5034965034965035
43.8,0.5
43.8,0.4895104895104895
43.8,0.493006993006993
43.8,0.47902097902097907
43.8,0.465034965034965
43.8,0.5104895104895104
43.8,0.506993006993007
43.8,0.4755244755244755
43.81666666666666,0.472027972027972
43.81666666666666,0.4755244755244755
43.81666666666666,0.47902097902097907
43.81666666666666,0.5034965034965035
43.81666666666666,0.4895104895104895
43.81666666666666,0.493006993006993
43.81666666666666,0.5
43.81666666666666,0.520979020979021
43.81666666666666,0.5174825174825175
43.81666666666666,0.506993006993007
43.81666666666666,0.5104895104895104
43.81666666666666,0.4825174825174825
43.81666666666666,0.48601398601398604
43.81666666666666,0.49650349650349646
43.81666666666666,0.513986013986014
43.81666666666666,0.5244755244755245
43.81666666666666,0.5279720279720279
43.833333333333336,0.513986013986014
43.833333333333336,0.541958041958042
43.833333333333336,0.5454545454545454
43.833333333333336,0.5244755244755245
43.833333333333336,0.49650349650349646
43.833333333333336,0.5
43.833333333333336,0.4895104895104895
43.833333333333336,0.493006993006993
43.833333333333336,0.5034965034965035
43.833333333333336,0.520979020979021
43.833333333333336,0.5174825174825175
43.833333333333336,0.534965034965035
43.833333333333336,0.5104895104895104
43.833333333333336,0.506993006993007
43.833333333333336,0.5279720279720279
43.833333333333336,0.5314685314685315
43.833333333333336,0.5384615384615384
43.85,0.5244755244755245
43.85,0.5314685314685315
43.85,0.5454545454545454
43.85,0.5279720279720279
43.85,0.5104895104895104
43.85,0.5174825174825175
43.85,0.520979020979021
43.85,0.513986013986014
43.85,0.506993006993007
43.85,0.534965034965035
43.85,0.5384615384615384
43.85,0.5629370629370629
43.85,0.5594405594405594
43.85,0.548951048951049
43.85,0.541958041958042
43.85,0.5524475524475525
43.85,0.5559440559440559
43.86666666666667,0.5279720279720279
43.86666666666667,0.5314685314685315
43.86666666666667,0.5384615384615384
43.86666666666667,0.534965034965035
43.86666666666667,0.5454545454545454
43.86666666666667,0.541958041958042
43.86666666666667,0.548951048951049
43.86666666666667,0.5559440559440559
43.86666666666667,0.5524475524475525
43.86666666666667,0.5629370629370629
43.86666666666667,0.583916083916084
43.86666666666667,0.5769230769230769
43.86666666666667,0.5804195804195804
43.86666666666667,0.5664335664335665
43.86666666666667,0.5594405594405594
43.86666666666667,0.56993006993007
43.86666666666667,0.5734265734265734
43.88333333333333,0.5664335664335665
43.88333333333333,0.6013986013986015
43.88333333333333,0.5979020979020979
43.88333333333333,0.5944055944055944
43.88333333333333,0.5734265734265734
43.88333333333333,0.56993006993007
43.88333333333333,0.5594405594405594
43.88333333333333,0.5629370629370629
43.88333333333333,0.5559440559440559
43.88333333333333,0.5769230769230769
43.88333333333333,0.5874125874125874
43.88333333333333,0.583916083916084
43.88333333333333,0.5909090909090908
43.88333333333333,0.5804195804195804
43.88333333333333,0.5524475524475525
43.88333333333333,0.5454545454545454
43.88333333333333,0.548951048951049
43.9,0.5909090909090908
43.9,0.5874125874125874
43.9,0.5804195804195804
43.9,0.583916083916084
43.9,0.6013986013986015
43.9,0.6048951048951049
43.9,0.5944055944055944
43.9,0.5979020979020979
43.9,0.618881118881119
43.9,0.6153846153846154
43.9,0.6083916083916083
43.9,0.6118881118881119
43.9,0.5664335664335665
43.9,0.5734265734265734
43.9,0.56993006993007
43.9,0.5629370629370629
43.9,0.5769230769230769
43.916666666666664,0.618881118881119
43.916666666666664,0.5979020979020979
43.916666666666664,0.6153846153846154
43.916666666666664,0.6223776223776224
43.916666666666664,0.5944055944055944
43.916666666666664,0.5874125874125874
43.916666666666664,0.5909090909090908
43.916666666666664,0.6363636363636364
43.916666666666664,0.6258741258741258
43.916666666666664,0.6293706293706294
43.916666666666664,0.6013986013986015
43.916666666666664,0.5804195804195804
43.916666666666664,0.583916083916084
43.916666666666664,0.6048951048951049
43.916666666666664,0.6083916083916083
43.916666666666664,0.6118881118881119
43.916666666666664,0.6328671328671329
43.93333333333333,0.6503496503496504
43.93333333333333,0.6293706293706294
43.93333333333333,0.6363636363636364
43.93333333333333,0.5979020979020979
43.93333333333333,0.6153846153846154
43.93333333333333,0.6328671328671329
43.93333333333333,0.6258741258741258
43.93333333333333,0.6118881118881119
43.93333333333333,0.6398601398601398
43.93333333333333,0.618881118881119
43.93333333333333,0.6223776223776224
43.93333333333333,0.6013986013986015
43.93333333333333,0.6083916083916083
43.93333333333333,0.6048951048951049
43.93333333333333,0.6433566433566433
43.93333333333333,0.6468531468531469
43.95,0.6293706293706294
43.95,0.6538461538461539
43.95,0.6503496503496504
43.95,0.6153846153846154
43.95,0.6573426573426573
43.95,0.6328671328671329
43.95,0.6678321678321678
43.95,0.6433566433566433
43.95,0.6608391608391608
43.95,0.6363636363636364
43.95,0.6398601398601398
43.95,0.618881118881119
43.95,0.6258741258741258
43.95,0.6223776223776224
43.95,0.6468531468531469
43.95,0.6643356643356644
43.96666666666667,0.6643356643356644
43.96666666666667,0.6713286713286714
43.96666666666667,0.6678321678321678
43.96666666666667,0.6503496503496504
43.96666666666667,0.6433566433566433
43.96666666666667,0.6748251748251748
43.96666666666667,0.6853146853146853
43.96666666666667,0.6608391608391608
43.96666666666667,0.6468531468531469
43.96666666666667,0.6538461538461539
43.96666666666667,0.6573426573426573
43.96666666666667,0.6363636363636364
43.96666666666667,0.6328671328671329
43.96666666666667,0.6398601398601398
43.96666666666667,0.6783216783216783
43.96666666666667,0.6818181818181819
43.983333333333334,0.6608391608391608
43.983333333333334,0.6888111888111887
43.983333333333334,0.6853146853146853
43.983333333333334,0.6923076923076923
43.983333333333334,0.6643356643356644
43.983333333333334,0.6678321678321678
43.983333333333334,0.7027972027972028
43.983333333333334,0.6783216783216783
43.983333333333334,0.6958041958041958
43.983333333333334,0.6713286713286714
43.983333333333334,0.6748251748251748
43.983333333333334,0.6503496503496504
43.983333333333334,0.6573426573426573
43.983333333333334,0.6538461538461539
43.983333333333334,0.6818181818181819
43.983333333333334,0.6993006993006994
44.0,0.6958041958041958
44.0,0.7027972027972028
44.0,0.6993006993006994
44.0,0.6853146853146853
44.0,0.6783216783216783
44.0,0.7062937062937062
44.0,0.7167832167832168
44.0,0.6818181818181819
44.0,0.7132867132867133
44.0,0.6888111888111887
44.0,0.6923076923076923
44.0,0.6713286713286714
44.0,0.6678321678321678
44.0,0.6748251748251748
44.0,0.7097902097902098
44.016666666666666,0.7237762237762237
44.016666666666666,0.7202797202797202
44.016666666666666,0.6993006993006994
44.016666666666666,0.6958041958041958
44.016666666666666,0.7342657342657343
44.016666666666666,0.7307692307692308
44.016666666666666,0.7272727272727273
44.016666666666666,0.7132867132867133
44.016666666666666,0.7167832167832168
44.016666666666666,0.6923076923076923
44.016666666666666,0.6888111888111887
44.016666666666666,0.6853146853146853
44.016666666666666,0.7062937062937062
44.016666666666666,0.7027972027972028
44.016666666666666,0.7097902097902098
44.03333333333333,0.7447552447552448
44.03333333333333,0.7132867132867133
44.03333333333333,0.7027972027972028
44.03333333333333,0.7202797202797202
44.03333333333333,0.7237762237762237
44.03333333333333,0.6993006993006994
44.03333333333333,0.7272727272727273
44.03333333333333,0.7167832167832168
44.03333333333333,0.7062937062937062
44.03333333333333,0.7097902097902098
44.03333333333333,0.7412587412587412
44.03333333333333,0.7377622377622377
44.03333333333333,0.7482517482517482
44.03333333333333,0.7307692307692308
44.03333333333333,0.7342657342657343
44.05,0.7272727272727273
44.05,0.7202797202797202
44.05,0.7237762237762237
44.05,0.7552447552447552
44.05,0.7517482517482518
44.05,0.7587412587412588
44.05,0.7447552447552448
44.05,0.7482517482517482
44.05,0.7377622377622377
44.05,0.7622377622377623
44.05,0.7342657342657343
44.05,0.7167832167832168
44.05,0.7307692307692308
44.05,0.7412587412587412
44.06666666666667,0.7517482517482518
44.06666666666667,0.7307692307692308
44.06666666666667,0.7587412587412588
44.06666666666667,0.7622377622377623
44.06666666666667,0.7727272727272727
44.06666666666667,0.7692307692307692
44.06666666666667,0.7482517482517482
44.06666666666667,0.7762237762237763
44.06666666666667,0.7657342657342657
44.06666666666667,0.7412587412587412
44.06666666666667,0.7447552447552448
44.06666666666667,0.7342657342657343
44.06666666666667,0.7377622377622377
44.06666666666667,0.7552447552447552
44.083333333333336,0.7692307692307692
44.083333333333336,0.7867132867132867
44.083333333333336,0.7517482517482518
44.083333333333336,0.7587412587412588
44.083333333333336,0.7552447552447552
44.083333333333336,0.7902097902097902
44.083333333333336,0.7832167832167832
44.083333333333336,0.7797202797202797
44.083333333333336,0.7762237762237763
44.083333333333336,0.7622377622377623
44.083333333333336,0.7657342657342657
44.083333333333336,0.7482517482517482
44.083333333333336,0.7727272727272727
44.1,0.7937062937062938
44.1,0.7902097902097902
44.1,0.7622377622377623
44.1,0.7762237762237763
44.1,0.7867132867132867
44.1,0.7692307692307692
44.1,0.7727272727272727
44.1,0.7657342657342657
44.1,0.8006993006993007
44.1,0.7972027972027972
44.1,0.8041958041958042
44.1,0.7832167832167832
44.1,0.7797202797202797
44.11666666666667,0.7762237762237763
44.11666666666667,0.7937062937062938
44.11666666666667,0.7867132867132867
44.11666666666667,0.8181818181818181
44.11666666666667,0.7972027972027972
44.11666666666667,0.7902097902097902
44.11666666666667,0.8006993006993007
44.11666666666667,0.8041958041958042
44.11666666666667,0.8076923076923077
44.11666666666667,0.7797202797202797
44.11666666666667,0.8111888111888113
44.11666666666667,0.7832167832167832
44.11666666666667,0.8146853146853147
44.13333333333333,0.7902097902097902
44.13333333333333,0.7937062937062938
44.13333333333333,0.8181818181818181
44.13333333333333,0.8251748251748252
44.13333333333333,0.8216783216783217
44.13333333333333,0.8006993006993007
44.13333333333333,0.8111888111888113
44.13333333333333,0.8286713286713286
44.13333333333333,0.8146853146853147
44.13333333333333,0.8076923076923077
44.13333333333333,0.7972027972027972
44.13333333333333,0.8041958041958042
44.15,0.8041958041958042
44.15,0.8076923076923077
44.15,0.8391608391608392
44.15,0.8181818181818181
44.15,0.8251748251748252
44.15,0.8216783216783217
44.15,0.8286713286713286
44.15,0.8111888111888113
44.15,0.8356643356643356
44.15,0.8146853146853147
44.15,0.8321678321678322
44.166666666666664,0.8426573426573427
44.166666666666664,0.8391608391608392
44.166666666666664,0.8356643356643356
44.166666666666664,0.8461538461538461
44.166666666666664,0.8181818181818181
44.166666666666664,0.8216783216783217
44.166666666666664,0.8251748251748252
44.166666666666664,0.8286713286713286
44.166666666666664,0.8496503496503497
44.166666666666664,0.8321678321678322
44.166666666666664,0.8146853146853147
44.18333333333334,0.8321678321678322
44.18333333333334,0.8426573426573427
44.18333333333334,0.8601398601398601
44.18333333333334,0.8461538461538461
44.18333333333334,0.8286713286713286
44.18333333333334,0.8356643356643356
44.18333333333334,0.8496503496503497
44.18333333333334,0.8531468531468531
44.18333333333334,0.8566433566433567
44.18333333333334,0.8391608391608392
44.2,0.8601398601398601
44.2,0.8566433566433567
44.2,0.8496503496503497
44.2,0.8636363636363636
44.2,0.8391608391608392
44.2,0.8671328671328671
44.2,0.8706293706293706
44.2,0.8461538461538461
44.2,0.8426573426573427
44.2,0.8531468531468531
44.21666666666667,0.8496503496503497
44.21666666666667,0.8741258741258742
44.21666666666667,0.8706293706293706
44.21666666666667,0.8566433566433567
44.21666666666667,0.8531468531468531
44.21666666666667,0.8776223776223776
44.21666666666667,0.8601398601398601
44.21666666666667,0.8811188811188811
44.21666666666667,0.8671328671328671
44.21666666666667,0.8636363636363636
44.233333333333334,0.8706293706293706
44.233333333333334,0.8776223776223776
44.233333333333334,0.8741258741258742
44.233333333333334,0.8671328671328671
44.233333333333334,0.8916083916083917
44.233333333333334,0.8601398601398601
44.233333333333334,0.8811188811188811
44.233333333333334,0.8881118881118881
44.233333333333334,0.8846153846153846
44.233333333333334,0.8636363636363636
44.25,0.8846153846153846
44.25,0.8741258741258742
44.25,0.8986013986013986
44.25,0.8951048951048951
44.25,0.8916083916083917
44.25,0.8706293706293706
44.25,0.8776223776223776
44.25,0.8811188811188811
44.25,0.8881118881118881
44.266666666666666,0.8881118881118881
44.266666666666666,0.8951048951048951
44.266666666666666,0.9055944055944056
44.266666666666666,0.8811188811188811
44.266666666666666,0.9020979020979021
44.266666666666666,0.8986013986013986
44.266666666666666,0.8916083916083917
44.266666666666666,0.8846153846153846
44.28333333333333,0.9090909090909091
44.28333333333333,0.9055944055944056
44.28333333333333,0.9020979020979021
44.28333333333333,0.8951048951048951
44.28333333333333,0.9125874125874126
44.28333333333333,0.916083916083916
44.28333333333333,0.8986013986013986
44.28333333333333,0.8916083916083917
44.28333333333333,0.8881118881118881
44.3,0.9125874125874126
44.3,0.9020979020979021
44.3,0.9055944055944056
44.3,0.9195804195804196
44.3,0.916083916083916
44.3,0.9230769230769231
44.3,0.8986013986013986
44.3,0.9090909090909091
44.31666666666667,0.916083916083916
44.31666666666667,0.9090909090909091
44.31666666666667,0.9055944055944056
44.31666666666667,0.9230769230769231
44.31666666666667,0.9195804195804196
44.31666666666667,0.9265734265734266
44.31666666666667,0.9125874125874126
44.333333333333336,0.9335664335664335
44.333333333333336,0.9300699300699301
44.333333333333336,0.9265734265734266
44.333333333333336,0.9125874125874126
44.333333333333336,0.9230769230769231
44.333333333333336,0.9195804195804196
44.333333333333336,0.916083916083916
44.35,0.9335664335664335
44.35,0.9405594405594405
44.35,0.9300699300699301
44.35,0.9265734265734266
44.35,0.9195804195804196
44.35,0.9370629370629371
44.35,0.9230769230769231
44.36666666666667,0.9335664335664335
44.36666666666667,0.9405594405594405
44.36666666666667,0.9300699300699301
44.36666666666667,0.9440559440559441
44.36666666666667,0.9370629370629371
44.36666666666667,0.9265734265734266
44.38333333333333,0.9335664335664335
44.38333333333333,0.951048951048951
44.38333333333333,0.9440559440559441
44.38333333333333,0.9475524475524475
44.38333333333333,0.9405594405594405
44.38333333333333,0.9370629370629371
44.4,0.9370629370629371
44.4,0.9475524475524475
44.4,0.951048951048951
44.4,0.9440559440559441
44.4,0.9545454545454546
44.4,0.9405594405594405
44.416666666666664,0.9475524475524475
44.416666666666664,0.958041958041958
44.416666666666664,0.9440559440559441
44.416666666666664,0.9545454545454546
44.416666666666664,0.951048951048951
44.43333333333334,0.9475524475524475
44.43333333333334,0.9545454545454546
44.43333333333334,0.951048951048951
44.43333333333334,0.9615384615384616
44.43333333333334,0.958041958041958
44.45,0.9545454545454546
44.45,0.958041958041958
44.45,0.9615384615384616
44.45,0.9685314685314685
44.45,0.965034965034965
44.46666666666667,0.965034965034965
44.46666666666667,0.9685314685314685
44.46666666666667,0.9615384615384616
44.46666666666667,0.958041958041958
44.483333333333334,0.9615384615384616
44.483333333333334,0.965034965034965
44.483333333333334,0.9685314685314685
44.483333333333334,0.972027972027972
44.5,0.9685314685314685
44.5,0.9755244755244755
44.5,0.972027972027972
44.5,0.965034965034965
44.516666666666666,0.9685314685314685
44.516666666666666,0.9790209790209791
44.516666666666666,0.972027972027972
44.516666666666666,0.9755244755244755
44.53333333333333,0.9685314685314685
44.53333333333333,0.972027972027972
44.53333333333333,0.9790209790209791
44.53333333333333,0.9755244755244755
44.53333333333333,0.9825174825174825
44.55,0.9825174825174825
44.55,0.9755244755244755
44.55,0.972027972027972
44.55,0.9790209790209791
44.56666666666667,0.9755244755244755
44.56666666666667,0.9825174825174825
44.56666666666667,0.9790209790209791
44.56666666666667,0.986013986013986
44.583333333333336,0.9825174825174825
44.583333333333336,0.986013986013986
44.583333333333336,0.9790209790209791
44.583333333333336,0.9755244755244755
44.6,0.9895104895104895
44.6,0.9825174825174825
44.6,0.986013986013986
44.6,0.9790209790209791
44.61666666666667,0.9825174825174825
44.61666666666667,0.986013986013986
44.61666666666667,0.9790209790209791
44.61666666666667,0.9895104895104895
44.63333333333333,0.9895104895104895
44.63333333333333,0.9825174825174825
44.63333333333333,0.986013986013986
44.65,0.986013986013986
44.65,0.9895104895104895
44.65,0.993006993006993
44.65,0.9825174825174825
44.666666666666664,0.9895104895104895
44.666666666666664,0.993006993006993
44.666666666666664,0.986013986013986
44.68333333333334,0.986013986013986
44.68333333333334,0.993006993006993
44.68333333333334,0.9895104895104895
44.7,0.9895104895104895
44.7,0.986013986013986
44.7,0.993006993006993
44.71666666666667,0.9895104895104895
44.71666666666667,0.986013986013986
44.71666666666667,0.9965034965034965
44.71666666666667,0.993006993006993
44.733333333333334,0.993006993006993
44.733333333333334,0.9965034965034965
44.733333333333334,0.9895104895104895
44.75,0.9895104895104895
44.75,0.9965034965034965
44.75,0.993006993006993
44.766666666666666,0.9965034965034965
44.766666666666666,0.993006993006993
44.766666666666666,0.9895104895104895
44.78333333333333,0.9895104895104895
44.78333333333333,0.9965034965034965
44.78333333333333,0.993006993006993
44.8,0.993006993006993
44.8,0.9965034965034965
44.8,0.9895104895104895
44.81666666666667,0.9895104895104895
44.81666666666667,0.9965034965034965
44.81666666666667,0.993006993006993
44.833333333333336,0.993006993006993
44.833333333333336,0.9965034965034965
44.833333333333336,0.9895104895104895
44.833333333333336,1.0
44.85,1.0
44.85,0.993006993006993
44.85,0.9965034965034965
44.86666666666667,0.9965034965034965
44.86666666666667,0.993006993006993
44.86666666666667,1.0
44.88333333333333,1.0
44.88333333333333,0.993006993006993
44.88333333333333,0.9965034965034965
44.9,0.9965034965034965
44.9,0.993006993006993
44.9,1.0
44.916666666666664,0.9965034965034965
44.916666666666664,0.993006993006993
44.916666666666664,1.0
44.93333333333334,0.9965034965034965
44.93333333333334,0.993006993006993
44.93333333333334,1.0
44.95,1.0
44.95,0.993006993006993
44.95,0.9965034965034965
44.96666666666667,0.993006993006993
44.96666666666667,0.9965034965034965
44.96666666666667,1.0
44.983333333333334,0.993006993006993
44.983333333333334,0.9965034965034965
44.983333333333334,1.0
45.0,1.0
45.0,0.993006993006993
45.0,0.9965034965034965
45.016666666666666,0.993006993006993
45.016666666666666,0.9965034965034965
45.016666666666666,1.0
45.03333333333333,1.0
45.03333333333333,0.9965034965034965
45.03333333333333,0.993006993006993
45.05,0.993006993006993
45.05,0.9965034965034965
45.05,1.0
45.06666666666667,1.0
45.06666666666667,0.993006993006993
45.06666666666667,0.9965034965034965
45.083333333333336,0.993006993006993
45.083333333333336,0.9965034965034965
45.083333333333336,1.0
45.1,1.0
45.1,0.9965034965034965
45.1,0.993006993006993
45.11666666666667,0.993006993006993
45.11666666666667,0.9965034965034965
45.11666666666667,1.0
45.13333333333333,0.993006993006993
45.13333333333333,0.9965034965034965
45.13333333333333,1.0
45.15,0.993006993006993
45.15,1.0
45.15,0.9965034965034965
45.16666666666667,0.9965034965034965
45.16666666666667,1.0
45.16666666666667,0.993006993006993
45.18333333333334,1.0
45.18333333333334,0.993006993006993
45.18333333333334,0.9965034965034965
45.2,0.9965034965034965
45.2,0.993006993006993
45.2,1.0
45.21666666666667,1.0
45.21666666666667,0.9965034965034965
45.21666666666667,0.993006993006993
45.233333333333334,0.993006993006993
45.233333333333334,1.0
45.233333333333334,0.9965034965034965
45.25,0.9965034965034965
45.25,0.993006993006993
45.25,1.0
45.266666666666666,1.0
45.266666666666666,0.993006993006993
45.266666666666666,0.9965034965034965
45.28333333333333,1.0
45.28333333333333,0.9965034965034965
45.28333333333333,0.993006993006993
45.3,0.993006993006993
45.3,1.0
45.3,0.9965034965034965
45.31666666666667,1.0
45.31666666666667,0.9965034965034965
45.31666666666667,0.993006993006993
45.333333333333336,1.0
45.333333333333336,0.993006993006993
45.333333333333336,0.9965034965034965
45.35,0.993006993006993
45.35,0.9965034965034965
45.35,1.0
45.36666666666667,0.993006993006993
45.36666666666667,1.0
45.36666666666667,0.9965034965034965
45.38333333333333,0.9965034965034965
45.38333333333333,0.993006993006993
45.38333333333333,1.0
45.4,1.0
45.4,0.9965034965034965
45.4,0.993006993006993
45.41666666666667,1.0
45.41666666666667,0.9965034965034965
45.41666666666667,0.993006993006993
45.43333333333334,0.993006993006993
45.43333333333334,1.0
45.43333333333334,0.9965034965034965
45.45,0.9965034965034965
45.45,1.0
45.45,0.993006993006993
45.46666666666667,1.0
45.46666666666667,0.993006993006993
45.46666666666667,0.9965034965034965
45.483333333333334,1.0
45.483333333333334,0.9965034965034965
45.483333333333334,0.993006993006993
45.5,1.0
45.5,0.9965034965034965
45.5,0.993006993006993
45.516666666666666,1.0
45.516666666666666,0.9965034965034965
45.516666666666666,0.993006993006993
45.53333333333333,0.993006993006993
45.53333333333333,0.9965034965034965
45.53333333333333,1.0
45.550000000000004,1.0
45.550000000000004,0.9965034965034965
45.550000000000004,0.993006993006993
45.56666666666667,1.0
45.56666666666667,0.9965034965034965
45.56666666666667,0.993006993006993
45.583333333333336,0.993006993006993
45.583333333333336,1.0
45.583333333333336,0.9965034965034965
45.6,0.993006993006993
45.6,0.9965034965034965
45.6,1.0
